{
	"song": {
		"speed": 2.5,
		"stage": "8bit",
		"player1": "bf",
		"player2": "8bit",
		"player3": null,
		"events": [],
		"notes": [
			{
				"gfSection": false,
				"lengthInSteps": 16,
				"altAnim": false,
				"typeOfSection": 0,
				"sectionNotes": [
					[
						0,
						2,
						0
					],
					[
						434.782608695652,
						2,
						0
					],
					[
						652.173913043478,
						1,
						0
					],
					[
						869.565217391304,
						1,
						0
					],
					[
						1086.95652173913,
						0,
						0
					],
					[
						1304.34782608696,
						0,
						0
					]
				],
				"bpm": 165,
				"changeBPM": false,
				"mustHitSection": false
			},
			{
				"gfSection": false,
				"lengthInSteps": 16,
				"altAnim": false,
				"typeOfSection": 0,
				"sectionNotes": [
					[
						1739.13043478261,
						3,
						0
					],
					[
						1956.52173913043,
						3,
						0
					],
					[
						2173.91304347826,
						3,
						0
					],
					[
						2391.30434782609,
						1,
						0
					],
					[
						2608.69565217391,
						1,
						0
					],
					[
						2826.08695652174,
						2,
						108.695652173913
					],
					[
						2858.69565217391,
						1,
						108.695652173913
					],
					[
						2934.78260869565,
						0,
						0
					],
					[
						3043.47826086957,
						0,
						0
					]
				],
				"bpm": 165,
				"changeBPM": false,
				"mustHitSection": false
			},
			{
				"gfSection": false,
				"lengthInSteps": 16,
				"altAnim": false,
				"typeOfSection": 0,
				"sectionNotes": [
					[
						3478.26086956522,
						2,
						217.391304347826
					],
					[
						3695.65217391304,
						3,
						0
					],
					[
						3804.34782608696,
						0,
						0
					],
					[
						4021.73913043478,
						1,
						0
					],
					[
						4130.4347826087,
						2,
						0
					],
					[
						4347.82608695652,
						3,
						326.086956521739
					],
					[
						4782.60869565217,
						1,
						326.086956521739
					]
				],
				"bpm": 138,
				"changeBPM": false,
				"mustHitSection": false
			},
			{
				"gfSection": false,
				"lengthInSteps": 16,
				"altAnim": false,
				"typeOfSection": 0,
				"sectionNotes": [
					[
						5217.39130434783,
						2,
						217.391304347826
					],
					[
						5434.78260869565,
						3,
						0
					],
					[
						5543.47826086957,
						0,
						0
					],
					[
						5760.86956521739,
						1,
						0
					],
					[
						5869.5652173913,
						2,
						0
					],
					[
						6086.95652173913,
						3,
						326.086956521739
					],
					[
						6521.73913043478,
						1,
						326.086956521739
					]
				],
				"bpm": 138,
				"changeBPM": false,
				"mustHitSection": false
			},
			{
				"gfSection": false,
				"lengthInSteps": 16,
				"altAnim": false,
				"typeOfSection": 0,
				"sectionNotes": [
					[
						6956.52173913043,
						2,
						0
					],
					[
						7391.30434782609,
						2,
						0
					],
					[
						7608.69565217391,
						1,
						0
					],
					[
						7826.08695652174,
						1,
						0
					],
					[
						8043.47826086957,
						0,
						0
					],
					[
						8260.86956521739,
						0,
						0
					]
				],
				"bpm": 138,
				"changeBPM": false,
				"mustHitSection": false
			},
			{
				"gfSection": false,
				"lengthInSteps": 16,
				"altAnim": false,
				"typeOfSection": 0,
				"sectionNotes": [
					[
						8695.65217391304,
						3,
						0
					],
					[
						8913.04347826087,
						3,
						0
					],
					[
						9130.4347826087,
						3,
						0
					],
					[
						9347.82608695652,
						1,
						0
					],
					[
						9565.21739130435,
						1,
						0
					],
					[
						9782.60869565217,
						2,
						108.695652173913
					],
					[
						9815.21739130435,
						1,
						108.695652173913
					],
					[
						9891.30434782609,
						0,
						0
					],
					[
						10000,
						0,
						0
					]
				],
				"bpm": 138,
				"changeBPM": false,
				"mustHitSection": false
			},
			{
				"gfSection": false,
				"lengthInSteps": 16,
				"altAnim": false,
				"typeOfSection": 0,
				"sectionNotes": [
					[
						10434.7826086957,
						2,
						217.391304347826
					],
					[
						10652.1739130435,
						3,
						0
					],
					[
						10760.8695652174,
						0,
						0
					],
					[
						10978.2608695652,
						1,
						0
					],
					[
						11086.9565217391,
						2,
						0
					],
					[
						11304.347826087,
						3,
						326.086956521739
					],
					[
						11739.1304347826,
						1,
						326.086956521739
					]
				],
				"bpm": 138,
				"changeBPM": false,
				"mustHitSection": false
			},
			{
				"gfSection": false,
				"lengthInSteps": 16,
				"altAnim": false,
				"typeOfSection": 0,
				"sectionNotes": [
					[
						12173.9130434783,
						2,
						217.391304347826
					],
					[
						12391.3043478261,
						3,
						0
					],
					[
						12500,
						0,
						0
					],
					[
						12717.3913043478,
						1,
						0
					],
					[
						12826.0869565217,
						2,
						0
					],
					[
						13043.4782608696,
						3,
						326.086956521739
					],
					[
						13478.2608695652,
						1,
						326.086956521739
					]
				],
				"bpm": 138,
				"changeBPM": false,
				"mustHitSection": false
			},
			{
				"gfSection": false,
				"lengthInSteps": 16,
				"altAnim": false,
				"typeOfSection": 0,
				"sectionNotes": [
					[
						13913.0434782609,
						2,
						0
					],
					[
						14347.8260869565,
						2,
						0
					],
					[
						14565.2173913043,
						1,
						0
					],
					[
						14782.6086956522,
						1,
						0
					],
					[
						15000,
						0,
						0
					],
					[
						15217.3913043478,
						0,
						0
					]
				],
				"bpm": 138,
				"changeBPM": false,
				"mustHitSection": true
			},
			{
				"gfSection": false,
				"lengthInSteps": 16,
				"altAnim": false,
				"typeOfSection": 0,
				"sectionNotes": [
					[
						15652.1739130435,
						3,
						0
					],
					[
						15869.5652173913,
						3,
						0
					],
					[
						16086.9565217391,
						3,
						0
					],
					[
						16304.347826087,
						1,
						0
					],
					[
						16521.7391304348,
						1,
						0
					],
					[
						16739.1304347826,
						2,
						108.695652173913
					],
					[
						16771.7391304348,
						1,
						108.695652173913
					],
					[
						16847.8260869565,
						0,
						0
					],
					[
						16956.5217391304,
						0,
						0
					]
				],
				"bpm": 138,
				"changeBPM": false,
				"mustHitSection": true
			},
			{
				"gfSection": false,
				"lengthInSteps": 16,
				"altAnim": false,
				"typeOfSection": 0,
				"sectionNotes": [
					[
						17391.3043478261,
						2,
						217.391304347826
					],
					[
						17608.6956521739,
						3,
						0
					],
					[
						17717.3913043478,
						0,
						0
					],
					[
						17934.7826086957,
						1,
						0
					],
					[
						18043.4782608696,
						2,
						0
					],
					[
						18260.8695652174,
						3,
						326.086956521739
					],
					[
						18695.652173913,
						1,
						326.086956521739
					]
				],
				"bpm": 138,
				"changeBPM": false,
				"mustHitSection": true
			},
			{
				"gfSection": false,
				"lengthInSteps": 16,
				"altAnim": false,
				"typeOfSection": 0,
				"sectionNotes": [
					[
						19130.4347826087,
						2,
						217.391304347826
					],
					[
						19347.8260869565,
						3,
						0
					],
					[
						19456.5217391304,
						0,
						0
					],
					[
						19673.9130434783,
						1,
						0
					],
					[
						19782.6086956522,
						2,
						0
					],
					[
						20000,
						3,
						326.086956521739
					],
					[
						20434.7826086957,
						1,
						326.086956521739
					]
				],
				"bpm": 138,
				"changeBPM": false,
				"mustHitSection": true
			},
			{
				"gfSection": false,
				"lengthInSteps": 16,
				"altAnim": false,
				"typeOfSection": 0,